price,areaM2,lat,lng,nrOfRooms,floorNr,nrOfFloors,yearBuilt
275100,26.2,52.21277335,20.9792472360175,1,8,8,1961
745000,54.11,52.2308556,20.9890532793075,2,2,6,2011
450000,49.23,52.194149360308074,21.005073800409903,2,4,4,1964
535000,41,52.23812395,20.9871114,2,9,11,1968
422000,68.8,52.14178475,21.0478942301473,3,2,11,
640000,74,52.12813605,21.0629353946463,3,2,4,1997
595000,56,52.20108495,21.0220057068927,3,1,4,1978
529000,83,52.23702764485488,21.112427227199078,4,2,3,2005
335000,42,52.1823863,21.0472710262758,2,4,4,
1840000,123,52.21854554986636,21.00444316864014,4,1,4,1929
910000,83,52.2238284,21.0215081,3,2,5,1965
869000,72,52.1839941070462,21.02331519126892,4,3,5,1952
340000,46.88,52.19770824578512,21.03563963757324,3,5,10,1967
377000,28.5,52.21120005,21.012624072495,1,8,15,1967
525000,43.41,52.179694,21.0277073,2,12,15,2008
515000,47,52.1593904,21.0834172,2,3,3,2016
419000,49,52.1964299,20.9781444,3,1,10,1971
386000,56.52,52.3176718,21.0766271,3,2,2,2010
478000,63.2,52.27019075,21.0432076256024,3,1,4,1995
330000,29,52.21090145,21.0108905830843,1,8,15,
465000,48.2,52.21049,21.00988529999995,3,12,15,1968
390000,38,52.2105085,21.00986720000003,2,6,15,1968
333000,31,52.15328969999999,21.026080800000045,1,4,7,
352960,8000,52.242427,20.9988879,1,1,3,
399000,82.5,52.331601187458475,20.93924539549255,3,0,8,2001
282625,47.5,52.295307,21.027060000000006,3,4,4,1969
440000,47,52.2084455,20.99919449999993,3,1,10,
459000,61,52.1703942,21.054250499999966,3,2,3,1991
620000,84,52.2393,20.987874000000033,3,6,8,1990
550000,47,52.23292989999999,21.001019000000042,3,8,8,1970
575000,67.5,52.227655,20.884819900000025,3,2,5,2017
360000,29,52.2110074,21.009915999999976,1,4,17,1970
437750,51.5,52.1949969,21.00391890000003,2,3,4,1957
360000,37,52.206663,21.047789999999964,2,5,10,
339000,39,52.1883209,21.053630999999996,2,1,4,1980
352000,41,52.187737,21.015341000000035,2,7,10,1970
399000,37.2,52.20790239999999,20.999248899999998,2,4,10,
580000,56,52.1519941,21.05487340000002,2,2,3,2006
285000,36.5,52.194775,20.964672000000064,2,3,10,1970
280000,33,52.2360062,21.10162009999999,1,4,10,1981
340000,46.32,52.3185876,20.944873599999937,2,2,6,2008
470000,47,52.1948218,21.066704999999956,2,3,5,2014
330000,37,52.238034,21.123234000000025,1,3,6,2004
410000,37,52.2099862,21.00569429999996,2,2,10,1970
298000,43,52.2410047,21.09055239999998,2,4,4,1965
320000,37,52.2049169,20.969745999999986,2,6,10,1979
235000,26,52.240961,21.074077999999986,1,1,6,
450000,52,52.2094227,21.00646919999997,3,3,10,
455000,56.48,52.200406,21.02235100000007,3,7,10,
250000,24.4,52.1319605,21.067719099999977,1,5,5,2001
235000,38,52.294626,21.044925000000035,2,1,10,1976
365000,36.3,52.1924901,21.025582499999928,2,4,12,1967
280000,35,52.24245877976443,21.07296233146053,1,0,7,1967
255000,34.2,52.19179,20.89942300000007,1,3,7,2001
528000,48,52.24811769999999,21.005736599999977,3,0,4,1960
464000,46.5,52.2252202,21.03860140000006,3,2,10,1968
325000,46.88,52.19770824578512,21.03563963757324,3,5,10,1967
435000,63.3,52.302112323357356,20.978637047607435,3,0,4,2006
360000,45.1,52.202064,21.034219000000007,3,8,10,1966
1100000,115.3,52.193982,21.027667899999983,3,2,5,1996
360000,49,52.186442409036346,21.052616869311578,3,2,4,1975
375000,48,52.202391,21.043671000000018,1,1,4,1939
290000,35.3,52.1837047,21.075963099999967,2,0,4,2010
350000,50,52.18900751211081,21.05212034127794,3,1,4,1974
335000,28.5,52.21086589999999,21.01185399999997,1,5,15,
215000,20,52.2062442,21.008328900000038,1,5,6,
395000,58.1,52.203995,21.05013489999999,3,0,10,1978
429000,52,52.1474418,21.05179739999994,2,2,10,1982
277000,38,52.1854986,21.06083060000003,2,1,10,1970
1495000,83.5,52.2156992,21.02216229999999,3,4,5,1999
1150000,81,52.2304869,21.038280900000018,3,2,8,1967
410000,50,52.17546189999999,21.114532000000054,2,0,2,2006
661822.14,78.16,52.187061,21.02425100000005,3,2,3,1938
803000,120,52.187061,21.02425100000005,3,3,3,1938
652000,77,52.187061,21.02425100000005,3,1,3,1938
302000,38,52.24345479999999,21.076364900000044,1,1,4,1958
450000,48.7,52.2255052,21.040659499999947,3,8,15,1970
399000,49.6,52.1860609,21.059956000000057,2,2,3,1996
269000,30,52.19108749999999,20.989615500000014,1,9,11,
260000,19,52.21086589999999,21.01185399999997,1,13,15,1968
450000,48,52.21067321619492,21.007071755017023,2,14,15,1975
495000,49,52.21086589999999,21.01185399999997,2,2,15,1968
320000,38,52.1895269,20.990553699999964,2,0,10,1968
385000,45,52.18298919999999,21.017360999999937,2,6,11,1976
345000,46,52.2709048,21.056738699999983,2,1,3,2004
375000,38,52.1870509,21.016140899999982,2,1,3,1966
330000,38,52.2993551,21.057521700000052,2,1,6,2017
410000,46,52.1747308,21.020933900000045,2,3,6,2006
430000,43.7,52.1898814,20.992934699999978,1,0,1,1960
345000,49.5,52.1719455,21.029047499999933,2,9,12,1982
440000,48.2,52.21049,21.00988529999995,3,12,15,1968
350000,37,52.2613722,20.98625889999994,2,5,9,1964
350000,45,52.24290629999999,20.96755680000001,3,6,7,1950
275000,31,52.18298919999999,21.017360999999937,1,4,10,1976
457000,56,52.1625452,21.03540989999999,3,2,3,
235000,29,52.239723,20.96284000000003,1,1,3,
230000,25,52.2031498,20.968820199999982,1,8,11,1969
850000,83.1,52.20242529999999,21.008709299999964,4,0,4,1993
370000,46,52.1727223,21.033070199999997,2,6,11,
258000,29,52.2658527,20.964181000000053,1,7,7,1980
298000,27.2,52.2377449,20.99487399999998,2,1,15,1970
270000,27.2,52.2377449,20.99487399999998,2,1,15,1965
275000,31,52.18875689999999,21.05368599999997,1,9,10,1974
259900,31,52.1757459,21.053172899999936,1,1,10,1975
330000,37.5,52.26076500000001,20.98478829999999,2,3,4,1965
513000,60.4,52.17405309999999,21.02132299999994,3,16,16,1993
256000,29.8,52.206196,21.049757,1,3,15,1979
499000,56,52.2022587,21.002190199999973,3,3,4,1965
479000,66.85,52.2172489,21.046419000000014,3,3,4,1932
420000,67,52.158107,21.022692000000006,4,4,4,1984
380000,51.6,52.16793449999999,21.009658299999955,2,3,3,1992
369000,39,52.192792,20.99178470000004,2,7,10,1970
330000,51.47,52.302112323357356,20.978637047607435,2,1,4,2006
360000,47,52.14036189999999,21.049819999999954,2,5,10,1983
330000,39,52.191479,20.999505999999997,2,2,4,1967
285000,41.1,52.3034384,20.983161999999993,2,3,3,2013
550000,60,52.231241,21.05576099999996,3,3,3,1938
220000,30,52.329133666609465,20.94502960265504,2,10,11,2000
297000,33,52.20606739999999,21.040877499999965,1,2,6,1955
510000,53,52.2338809,21.03269590000002,2,0,6,1936
320000,61,52.2413252,21.090022999999974,3,19,20,1980
450000,48,52.2108047,21.008316299999933,2,14,15,1975
480000,53,52.245134,20.991487000000006,2,4,6,1971
585000,61.5,52.216933,20.97786099999996,2,2,4,1936
388000,46.3,52.17136499999999,21.030625900000018,2,0,10,1978
390000,47,52.236425,20.99336029999995,2,8,15,1970
474000,53,52.210417,21.00846100000001,3,4,15,
499900,65.8,52.151288,21.034036000000015,3,0,3,
404000,51,52.1778981,20.993389699999966,2,3,6,2016
295000,37.5,52.2431706,21.084913899999947,1,2,12,2006
599000,65.3,52.13413269999999,21.05688370000007,3,0,3,2000
295000,38,52.19160822661397,20.98974945501709,2,8,10,1970
320000,38,52.1896388,20.99247390000005,2,1,10,
240000,25,52.20959860000001,21.004944000000023,1,5,10,1964
560000,58.76,52.2164709,20.97859470000003,3,2,4,1936
410000,51.5,52.12795029999999,21.063365299999987,2,4,4,1997
419000,55,52.1896388,20.99247390000005,3,3,10,
450000,53,52.2049741,21.01378920000002,2,3,4,1965
462090,63.3,52.1367154,21.056795599999987,3,3,3,1987
399000,46.5,52.231268,21.03712399999995,3,4,4,1964
1128000,105,52.2108491,20.96918979999998,4,4,6,2012
499900,56,52.19753,21.045137000000068,2,5,6,2008
399000,37,52.2099862,21.00569429999996,2,0,10,1970
438000,77,52.14069584940383,21.046735008424776,4,0,10,1983
425000,50.1,52.186955,21.014734900000008,3,1,10,1967
490000,54.4,52.19302159999999,21.066820600000028,2,6,7,2004
319000,37,52.202977,21.045293899999933,2,3,4,1960
399000,37,52.188395,21.02126899999996,2,7,10,1960
234,29,52.23102009999999,21.064808599999992,1,0,3,1980
275000,27.72,52.215506,21.04066499999999,1,0,3,1954
495000,65.4,52.21630203375341,20.980417877246055,3,4,6,1957
599000,55,52.206789,21.008104000000003,2,4,4,
350000,49,52.180664,21.097587900000008,2,0,2,2004
750000,72.69,52.194286,21.05913099999998,3,1,1,
365000,48,52.2320749,21.066968999999972,3,1,4,1964
407000,59,52.1713769,21.056646600000022,3,4,4,1989
220000,28,52.1895772,20.988665500000025,1,9,10,
469000,44,52.2015148,21.01856459999999,2,1,2,1953
510000,76,52.1969319,21.023750999999947,3,4,4,1937
479000,48,52.2001003,21.008895100000018,2,2,3,1951
540000,55,52.1924889,20.989112999999975,2,3,4,2005
580000,61,52.1939274,21.023918600000002,2,3,3,1939
325000,47,52.2613239,20.96038090000002,3,3,4,1971
599000,53.4,52.219386,21.021003899999982,2,1,6,1950
333000,42.36,52.1464348,21.048619299999928,2,3,3,1980
475000,64,52.20012389999999,21.02898600000003,3,5,10,1986
340000,47,52.194157,21.034695499999998,3,5,10,
388000,60,52.1481523,21.039037699999994,3,0,4,
400000,46,52.19974490000001,21.036490400000048,2,1,4,
480000,56,52.1319293,21.064269299999978,2,4,7,2002
230000,36,52.1930646,21.007555499999967,1,0,4,1950
370000,50.23,52.2132839,20.972751000000017,2,3,4,1953
390000,48,52.22928109999999,20.960132899999962,2,1,4,1994
309000,28.5,52.2104453,21.00849160000007,1,9,15,1970
416000,43,52.209699,21.00634100000002,2,5,10,1964
467000,57.6,52.13012,21.077088000000003,2,1,3,2000
310000,53,52.1943843,20.892994799999997,2,3,4,1954
446000,54.4,52.19302159999999,21.066820600000028,2,4,7,2004
525000,60,52.1704,21.061208899999997,3,1,3,1986
388000,59.4,52.15792,21.03522399999997,3,3,3,1982
450000,55,52.2614829,20.981973700000026,3,2,4,1965
380000,47.3,52.1440826,21.04632330000004,2,6,8,1985
353000,48,52.1785584,21.04696009999998,2,7,11,1976
400000,59,52.1834552,21.018616399999928,3,8,10,1976
294000,38,52.1762329,21.006394,2,7,10,1970
630000,64.6,52.2374279,21.02909599999998,3,1,5,1963
757000,74,52.2258922,21.011247599999933,2,3,5,1916
485000,36,52.22329089999999,21.012518900000032,2,2,6,
460000,49.34,52.1951098,21.006448500000033,2,2,4,1963
599000,55,52.2564196,20.967187299999978,3,1,5,2015
415000,34,52.226509,21.02380389999996,1,4,4,1935
396000,50,52.22637169999999,21.061523999999963,3,3,4,1976
550000,75.3,52.15695960000001,21.07715250000001,2,1,4,2012
262000,28.5,52.2007264,21.011372700000038,1,3,3,1952
485000,55,52.1752196,20.997265800000037,3,5,6,2015
330000,38,52.1722079,21.010794600000054,2,1,4,2003
360000,43.7,52.1454435,21.056131999999934,2,8,10,2001
232500,41,52.2885559,21.021476500000063,2,0,10,
380000,53,52.1318138,21.073732999999947,2,2,4,1991
499900,65.3,52.1280648,21.063634699999966,2,1,2,2000
549000,55,52.25228389999999,21.006756699999983,3,0,2,1960
350000,50,52.175554,21.06786299999999,2,6,10,1979
750000,73.48,52.2049473,21.009724399999982,3,3,5,1939
450000,70,52.14141069999999,21.06122110000001,2,10,11,
360000,49,52.20018279380728,21.00808369154049,2,3,3,1950
339000,38,52.2252131,21.040076999999997,2,3,4,1960
230000,36,52.1930646,21.007555499999967,1,0,4,1950
410000,53,52.1930646,21.007555499999967,2,4,4,1958
495000,52.76,52.1627589,20.99261100000001,2,6,6,2015
329000,46,52.159506,20.992007899999976,2,1,7,2015
405000,45.1,52.2335074,21.061734600000023,2,1,4,1954
580000,81,52.2034323,21.01171679999993,3,2,4,1981
265000,38,52.210893,20.979980699999942,2,2,4,1965
310000,37,52.1948069,21.0089696,1,1,4,1952
350000,47,52.19388980170895,21.01524399999994,3,1,10,1968
424000,60.8,52.1711415,21.035695799999985,3,6,10,1979
385000,61,52.149609,21.03746620000004,3,1,4,1985
465000,78.4,52.1750599,21.069914899999958,4,4,6,1980
329000,38.1,52.1832606,21.05726149999998,2,4,10,1971
1800000,150,52.2034029,21.0226629,5,3,5,2007
409000,47.6,52.2082624,21.062907600000017,2,2,4,2011
259000,36.6,52.1733969,21.006529,2,4,10,1972
540000,52,52.22639789999999,21.036471000000006,2,1,4,1936
610000,51,52.2344343,21.004515500000025,1,2,6,1956
699000,70,52.2344343,21.004515500000025,3,1,6,1956
450000,58,52.1834692,21.026680299999953,3,1,18,1978
415000,61,52.1720532,21.03704259999995,3,7,9,1978
1400000,110,52.2194379,20.98774000000003,4,3,4,1935
455000,63.5,52.1954237,21.05126519999999,4,0,4,1993
400000,37,52.2099862,21.00569429999996,2,8,10,1970
449000,68.8,52.1808294,21.01567590000002,3,2,4,1991
294000,32,52.1567119,21.039766800000052,2,4,7,1982
1150000,59,52.2341193,21.01584839999998,2,4,6,
1259000,89,52.2446119,21.01214989999994,4,2,5,1978
1550000,147,52.1556454,21.030672200000026,6,0,2,1997
599000,68,52.2234438,20.99959990000002,2,0,5,1952
599000,68,52.2234438,20.99959990000002,2,0,5,1952
999000,93.4,52.1722933,21.051934399999936,4,0,4,2008
1250000,95,52.2008332,21.004743899999994,3,1,6,2006
1100000,99,52.21723129999999,21.024106999999958,3,0,6,1935
1100000,103,52.149999,21.021926000000008,4,2,2,2005
699000,70,52.227003,21.037521999999967,3,3,3,1936
1600000,120,52.221981,20.98008559999994,5,3,16,2003
450000,58,52.1841798,21.04329340000004,3,2,6,2008
1140000,80,52.2050575,20.995722800000067,3,0,3,2005
840000,85.5,52.2009169,20.966620000000034,3,3,7,2010
325000,36,52.1998399,21.02947789999996,2,4,4,1960
650000,95,52.1680937,21.079113699999994,3,2,3,1996
392000,46.7,52.1727089,21.030628100000058,2,8,10,1977
370000,46.7,52.16987020000001,21.05514930000004,2,3,3,1990
375000,40,52.2430479,20.997442399999954,2,1,6,1956
399000,42.1,52.1979364,21.017353400000047,2,1,4,1953
320000,42.17,52.215812,20.975979000000052,2,2,3,1953
875000,91,52.1584,21.080762400000026,3,3,4,2007
610000,72.4,52.1425719,21.03568999999993,3,1,8,2009
274000,37,52.20314,20.968867000000046,2,9,10,1967
330000,54.9,52.1573945,21.075778899999932,2,4,4,2007
425000,50,52.1621131,21.064398600000004,2,1,3,2013
349000,47,52.20319809999999,21.00812780000001,2,3,3,1950
470000,58,52.2065534,20.999573699999928,3,6,16,1973
899000,110,52.20282899999999,21.011228500000016,3,5,5,1935
479000,59,52.1713769,21.056646600000022,3,0,3,1989
415000,60,52.180302,21.099949000000038,3,3,3,2007
310000,45,52.1921196,21.026917899999944,3,0,11,1980
339000,40.3,52.2267559,21.040654000000018,1,1,3,1938
507000,55,52.1907103,21.040970300000026,2,3,4,2009
349000,40,52.180223,21.056485000000066,2,2,5,2009
360000,46.4,52.1898668,21.011215499999935,2,3,3,1962
600000,85,52.1905239,21.06102820000001,4,2,4,1995
449000,63,52.1585857,21.0227122,3,4,7,
270000,43,52.18421300000001,21.051402000000053,2,2,4,1972
357000,46.6,52.18425380000001,21.056013399999983,3,3,4,1970
329000,37,52.19335400000001,21.02705400000002,2,7,12,1970
261000,37.4,52.210079,21.048809000000006,2,4,10,1972
380000,57,52.18280559999999,21.0186099,3,3,10,1976
607000,59,52.1922967,20.986833899999965,2,2,4,2006
860000,71.23,52.2460556,21.0128737,3,2,3,1888
399000,50,52.189699,21.001187999999956,3,3,10,1972
289000,42,52.17453889999999,21.00496899999996,2,0,7,1972
299000,52,52.1941847,21.054035999999996,2,4,4,1987
265000,35.3,52.1926429,21.065392999999972,2,11,12,1977
289000,38,52.1832606,21.05726149999998,2,4,10,1976
250000,37.4,52.20398341280977,21.04959025449216,2,1,10,1972
429000,58,52.1738379,21.02460300000007,3,1,11,1978
550000,57,52.2519699,21.00586659999999,3,0,3,
847000,97,52.1558601,21.07453899999996,5,3,4,2012
850000,111.5,52.197005,20.92571399999997,4,3,3,2005
670000,81.4,52.197005,20.92571399999997,3,1,3,2005
370000,46.6,52.18491,21.081360000000018,3,3,4,1978
570000,75.44,52.2077521,20.89320799999996,3,0,6,2014
385000,60.4,52.2221808,21.09778140000003,3,5,8,1987
420000,52.8,52.19165698132465,21.05215578308116,3,1,3,1986
369000,51,52.1684449,21.010736500000007,2,4,4,1994
380000,57,52.1940959,21.060530900000003,3,2,10,1990
300000,36,52.24348000000001,20.98794900000007,2,4,4,1956
496000,58.5,52.17115829999999,21.024940600000036,3,6,10,1979
269000,29,52.1880688,21.019687100000056,1,10,10,
589000,64,52.20657398183801,21.01780379049069,3,3,6,1990
440000,57,52.1954246,21.013458899999932,3,15,15,
315000,42,52.181897,21.05381799999998,2,3,10,1978
725400,78,52.1933776,21.06694600000003,3,1,7,2004
680000,87.5,52.208945,20.89431650000006,3,3,4,2009
258000,37,52.1858849,21.055610300000012,2,0,10,1972
330000,39,52.2377449,20.99487399999998,2,7,15,1969
379000,60,52.2090819,21.050385199999937,3,10,10,1973
680000,64,52.229957,21.017162999999982,3,6,6,1960
460000,56.99,52.23017,21.065855000000056,3,3,3,1962
339000,37,52.1827802,21.056672599999956,2,7,10,1976
375000,43.8,52.2039116,21.034121400000004,2,1,11,1962
298000,37,52.229624,20.967893300000014,1,3,7,2003
243000,31,52.209179,21.03644589999999,1,0,3,1924
580000,71,52.15153,21.03903200000002,4,0,4,1979
505000,44,52.235143,21.00949890000004,2,2,24,1968
490000,50.5,52.2020906,21.007667099999935,3,2,3,1949
498000,67,52.184756,21.023445000000038,2,3,5,
409000,56.27,52.242241,20.99030390000007,3,2,4,1950
279000,39,52.18987212907741,20.991022624328593,2,1,10,1972
600000,54,52.234213,21.02118310000003,3,1,4,1959
295000,46.3,52.1692899,21.001293000000032,3,0,4,1970
348000,48.1,52.172394,21.041113999999993,2,2,5,1980
455000,66,52.2039789,21.038949000000002,3,1,4,1950
360000,38,52.231407,21.03837390000001,2,3,8,1978
300000,42,52.1442904,21.048067800000013,2,1,4,1980
400000,46,52.19592000000001,21.014030000000048,2,0,3,1938
439000,63,52.176232,21.048213900000064,4,6,11,1980
395000,58,52.18067689999999,21.01689399999998,3,10,15,1982
529000,58,52.1324358,21.056240500000058,2,3,5,2001
299000,37,52.1858849,21.055610300000012,2,5,10,1975
300000,50,52.175554,21.06786299999999,2,0,4,
380000,55.29,52.20195585844917,21.036574694967612,3,1,4,1954
299000,35.4,52.202064,21.034219000000007,2,10,10,1969
469000,51,52.2281334,20.99659070000007,2,5,6,1954
459000,51,52.204823,21.021089899999993,2,3,3,1951
399000,53,52.1459657,21.047063200000025,3,3,3,1981
386000,56.2,52.186364,21.05911089999995,3,2,4,1971
330000,40,52.198772,21.009200899999996,2,4,4,1950
379000,56.2,52.186009,21.06145200000003,3,2,4,1971
276000,37,52.23754400000001,21.08084800000006,2,3,8,1970
639000,90,52.2282088,20.991326800000024,4,3,4,1918
325000,49,52.18379669999999,21.055714899999998,3,4,4,1978
408000,48,52.2007264,21.011372700000038,2,2,4,1951
323000,38.05,52.229996,21.036472900000035,2,1,6,1960
240000,37,52.205967897689334,20.96652050555724,2,0,10,1980
910000,87,52.1429287,21.0451319,4,10,12,2010
530000,56,52.17149209999999,21.02461649999998,3,2,3,1975
280000,32,52.2122075,21.04591370000003,1,2,4,1938
920000,72,52.16914149999999,21.02060080000001,3,3,10,2010
499000,45.1,52.1809678,21.054660499999954,2,5,6,2014
286000,48,52.1560128,21.05044459999999,2,7,8,1980
370000,52,52.147276,21.051922500000046,2,7,10,1982
320000,45,52.2378779,20.96820200000002,3,0,4,1963
430000,58,52.2358539,20.992839000000004,3,2,15,1970
460000,60,52.2430029,20.89821589999997,2,2,6,2008
355000,45,52.234778,21.032791999999972,2,7,9,1962
1904000,152.45,52.1938721,21.062009399999965,5,4,8,2013
520000,61.15,52.1717123,21.011411599999974,2,2,5,2013
480000,74,52.243649,21.088430000000017,3,3,4,2000
290000,38,52.194961753338404,21.005050915869106,1,4,4,1950
500000,70,52.1752899,21.030372899999975,3,1,3,
298000,36,52.200081,20.98063430000002,2,4,4,1968
340000,49,52.1724644,21.065808199999992,3,4,5,1968
340000,48,52.186191,21.053086000000008,2,1,9,1984
325000,47.5,52.1920921,21.06287480000003,3,3,5,1970
540000,55,52.1924889,20.989112999999975,2,3,4,2005
416000,45.8,52.1604482,21.02836709999997,2,4,6,2003
500000,50,52.1924889,20.989112999999975,2,4,6,2006
416000,46,52.15949390000001,21.02867900000001,2,4,6,2003
450000,63.9,52.13758989999999,21.05146000000002,3,2,4,1980
1590000,124,52.2652255,20.98663590000001,3,0,2,1930
465000,56,52.1553061,21.03369859999998,2,10,11,1988
399000,79,52.2749847,20.92403820000004,4,12,12,1980
497000,55,52.2338366,21.021390800000063,2,0,4,1950
390000,47,52.253851,21.000499999999988,2,1,4,1961
300000,37,52.197274,21.00832689999993,1,4,5,1954
370000,46.47,52.2250987,21.037645500000053,3,7,12,1968
300000,37,52.197274,21.00832689999993,1,4,5,1954
560000,47,52.17361,21.03171999999995,2,6,10,
843000,105.4,52.2479137,20.987925399999995,3,6,10,2000
425000,50,52.1557383,21.03463629999999,2,9,12,2008
720000,91,52.265349,20.949317899999983,3,0,4,
429000,74,52.25004370000001,20.924855999999977,4,8,10,1986
399000,51,52.17449389999999,21.004140000000007,3,0,4,
380000,45.32,52.2105823,20.961710100000005,2,0,6,2004
350000,53,52.17377889999999,21.05920900000001,2,0,4,1992
450000,64,52.13338,21.07298579999997,3,2,4,1989
360000,46,52.19889800000001,20.982653000000028,2,3,10,1970
325000,45.4,52.1922654,21.026158099999975,3,6,12,1980
400000,38.6,52.204242,20.95274900000004,2,3,3,2008
375000,59.6,52.1394818,21.06078070000001,3,0,3,1984
259000,43,52.176046,21.059843,2,4,10,1985
250000,38,52.2255052,21.040659499999947,2,8,16,1980
750000,87,52.22840249999999,21.012447299999963,4,2,4,1952
387000,40.5,52.13340549999999,21.070128299999965,2,3,4,1999
470000,49,52.2096108,21.00491390000002,2,1,10,1967
387000,40.5,52.13325,21.08046999999999,2,3,4,1999
359000,47,52.1727089,21.030628100000058,2,3,10,1978
695000,82,52.2204331,20.98904330000005,3,8,16,2004
415000,49,52.2260565,21.00901479999993,2,2,3,1936
599000,74,52.1737277,21.04863219999993,3,1,6,2007
390000,52,52.1805101,21.01248559999999,3,3,9,1976
579000,73,52.215382,20.96142789999999,3,2,12,2012
335000,46.8,52.1697965,21.022258999999963,2,8,10,1970
248000,34.5,52.2399035,20.934794799999963,1,5,9,2010
244000,35,52.248053,21.087673999999993,1,0,4,1995
347250,46.3,52.1713764,21.03061630000002,2,6,10,1970
399000,65.3,52.13026319999999,21.023996099999977,3,0,3,1970
298000,39.5,52.2250142,20.992347600000016,2,5,10,1967
218000,32.4,52.29779509999999,21.046994900000072,1,7,10,1975
779000,102,52.1282572,21.0595912,4,3,4,1997
545000,75,52.16842339999999,21.06801930000006,3,2,4,2013
349000,47,52.170736,21.05934990000003,3,1,3,1986
399000,47,52.231268,21.03712399999995,3,4,4,1964
330000,39.9,52.2357322,21.062367300000005,1,1,3,1960
240000,28.5,52.15479999999999,21.03174720000004,1,1,4,1980
385000,55,52.2335538,21.061963800000058,2,1,3,1956
300000,47.2,52.14915149999999,21.052563899999996,2,4,10,1982
440000,58,52.1478188,21.050281900000073,3,1,10,1982
407000,53.02,52.206879,21.053508899999997,2,1,5,1993
399000,40,52.1359104,21.050042899999994,2,1,10,2002
289000,46.31,52.2018206,20.97325150000006,3,0,4,1965
299000,44,52.13954380000001,21.05585199999996,2,5,9,2002
520000,60,52.1519941,21.05487340000002,3,1,3,2006
395000,48,52.2500405,20.986358600000017,2,1,9,1970
545000,75,52.16842339999999,21.06801930000006,3,2,4,2013
230000,39,52.1968194,20.976027799999997,2,4,4,1970
375000,48,52.2114554,21.04747629999997,3,9,15,1970
569000,53.1,52.227003,21.037521999999967,2,2,3,1936
545000,48,52.2523513,21.004124899999965,2,2,3,1955
450000,64,52.1779,21.052525999999943,4,3,10,1980
560000,57.7,52.1323809,21.06549199999995,3,5,5,2009
1190000,111,52.2243614,21.06726679999997,4,2,4,2008
700000,64,52.229957,21.017162999999982,3,6,6,1960
385000,56.3,52.2711473,20.936987499999987,3,1,4,1985
457000,51,52.1905003,21.00771789999999,2,1,4,1961
522000,61,52.1882441,21.014181000000008,2,2,10,2000
324000,42.4,52.1518215,21.035158899999942,2,1,3,1982
270000,27,52.14001721116743,21.034636134423863,1,0,4,2008
270000,30.47,52.2380499,20.941668899999968,2,6,11,1974
399000,52,52.1487527,21.03576010000006,2,0,4,1980
580000,70,52.211698,21.049789099999998,3,2,5,2002
350000,47.6,52.2030432,20.975092399999994,3,4,4,1970
355000,48,52.1584063,21.05265940000004,2,2,2,1985
320000,42,52.141549,21.05172600000003,2,2,2,1982
410000,46.8,52.186364,21.05911089999995,3,2,4,1976
310000,36,52.290437,20.932758199999967,2,1,4,1965
699000,90.7,52.1826827,21.055786300000022,3,1,4,1998
425000,53,52.13356400000001,21.072330400000055,2,8,10,1992
430000,50,52.21577,21.039943900000026,2,3,4,1955
345000,42.8,52.1594323,21.02434919999996,2,2,10,1980
349000,43,52.1512261,21.028967999999963,2,3,4,1970
299000,42,52.176046,21.059843,2,1,10,1970
450000,46.5,52.134372,21.06219390000001,2,4,5,2002
295000,34.3,52.280017,20.948756000000003,2,0,3,1950
500000,62,52.2250329,21.0150979,3,5,6,1960
260000,31,52.152994,21.035481900000036,1,6,10,1979
550000,54,52.2247505,21.011844600000018,2,2,4,1920
269000,42,52.226523,20.910415000000057,2,11,11,1975
293000,38,52.2878153,20.93744300000003,2,1,4,1955
560000,57.2,52.20076040000001,21.02191270000003,2,1,4,1957
440000,41,52.226948,21.016126900000017,2,5,6,1963
708000,121,52.1293529,21.059068900000057,5,4,4,1998
255000,27.5,52.2377449,20.99487399999998,2,7,15,1970
535000,63.3,52.1625147,21.02517929999999,3,2,3,1990
560000,60,52.1519941,21.05487340000002,3,3,3,2006
400000,49,52.2186624,21.020921199999975,2,4,6,1953
369000,43,52.2094675,21.059392600000024,2,2,4,2002
595000,109,52.1448848,21.065168299999982,3,3,3,1998
360000,52,52.20253700000001,21.04729789999999,2,3,4,1956
797000,72,52.2344728,20.985067699999945,3,6,9,2014
304000,44,52.177025,21.017416000000026,2,13,15,1980
290000,39.9,52.20906489999999,20.970071899999994,2,2,4,1965
325000,45.3,52.1697965,21.022258999999963,2,8,10,1970
319000,36.87,52.2335074,21.061734600000023,2,1,3,1955
399000,59,52.1400355,21.066793200000006,3,0,3,1985
590000,60.49,52.1479456,21.042377399999964,2,5,8,2005
158000,27,52.2619789,21.037900900000068,1,0,5,1950
445000,49,52.18994199999999,21.02436929999999,2,3,6,2006
580000,81.4,52.1628957,21.07760159999998,3,1,3,2004
269000,36,52.1938559,20.967147000000068,2,2,4,1970
380000,50,52.1412351,21.064095199999997,2,1,3,1984
535000,56,52.1523093,21.05457899999999,2,2,3,2006
499000,58,52.14141069999999,21.06122110000001,2,5,8,2000
590000,61.8,52.1748509,21.031592000000046,2,0,2,1997
630000,60,52.1886441,20.988484500000027,3,9,12,2010
270000,31,52.1543612,21.04593520000003,1,7,8,1980
500000,57,52.1737277,21.04863219999993,3,2,6,2007
309000,35.3,52.1415273,21.034518700000035,1,0,4,2008
910000,123,52.1282572,21.0595912,3,1,4,1996
450000,62,52.1704,21.061208899999997,3,1,3,1986
525000,57.23,52.1327109,21.077656700000034,3,4,7,2006
380000,43,52.2254359,21.036699999999996,2,9,10,1967
485000,57,52.14252889999999,21.03483600000004,3,7,11,2006
520000,67,52.1915489,21.02398900000003,3,2,3,1950
475000,63,52.156918,21.023588000000018,3,0,7,1976
815000,60,52.2359409,21.01649999999995,3,2,3,1952
185000,25.5,52.2049169,20.969745999999986,1,0,10,1979
359000,50,52.175554,21.06786299999999,2,9,12,1978
349000,38,52.19040889999999,21.004168899999968,2,3,3,1960
385000,55.2,52.1301362,21.077141299999994,2,1,3,2000
560000,74,52.1614809,21.07688889999997,3,0,4,2007
570000,71.75,52.1984471,21.046320700000024,3,3,7,2007
425000,47,52.20421589999999,21.01988700000004,2,3,3,1955
320000,48.5,52.2801734,20.935948199999984,2,4,10,1979
517000,59,52.3047567,20.926963099999966,3,2,5,2011
360000,47.2,52.141528,21.054736999999932,2,6,10,1981
179000,23.5,52.2058011,20.97014469999999,1,4,4,1967
210000,25,52.20314,20.968867000000046,1,0,10,1969
193000,20,52.203899,20.982837000000018,1,3,4,1976
737000,83.17,52.1651755,21.078411800000026,3,3,4,2010
395000,60,52.1455505,21.04816189999997,3,0,4,1986
215000,39,52.2930939,21.042602999999986,2,4,10,1970
789000,64,52.2147276,21.01939349999998,3,1,3,2004
281000,29,52.2110074,21.009915999999976,1,4,17,1970
535000,67,52.1826827,21.055786300000022,3,3,4,1998
467000,63.2,52.1387712,21.045711200000028,3,2,3,1989
459000,57.2,52.1713783,21.031858899999975,3,8,11,1978
181500,16.5,52.2226223,20.98774309999999,1,4,10,1980
460000,48,52.1991581,21.01010580000002,2,1,2,1950
308000,45.43,52.2400282,20.97820139999999,2,10,11,1986
395000,60.3,52.1455505,21.04816189999997,3,0,4,1986
355000,46.8,52.1402069,21.053545999999983,2,2,3,1983
553000,61.5,52.2328962,21.01793889999999,4,7,9,1968
365000,47,52.236425,20.99336029999995,2,8,15,1970
190000,31,52.28953300000001,21.04152590000001,1,5,10,1970
456000,49,52.2379794,21.01115709999999,2,1,4,1935
345000,42.4,52.1478024,21.050813100000028,2,0,10,1980
245000,38,52.295311,21.044894,2,4,10,1978
395000,48.9,52.1479858,21.05005589999996,2,3,9,1982
410000,60,52.15732690000001,21.04760060000001,3,4,8,1984
350000,38.6,52.1291908,21.072690100000045,2,0,6,2000
280000,42,52.1742001,21.005047999999988,2,1,10,1970
389000,52,52.13785439999999,21.029122899999948,2,5,6,2001
380000,53,52.1374036,21.05491900000004,2,3,4,1983
410000,48.4,52.236821,21.00448389999997,2,3,4,1968
350000,54,52.19110879999999,21.06162530000006,3,3,4,
499900,65.3,52.1280648,21.063634699999966,2,1,2,2000
369000,58,52.1411753,21.047142399999984,3,4,10,1983
210000,34,52.267967,21.057213000000047,1,4,10,1980
460000,58,52.2010739,21.022103799999968,3,1,4,1990
499000,55,52.2450664,20.977309800000057,2,9,17,2008
192000,32,52.28086099999999,20.975702700000056,1,4,10,1980
345000,43.5,52.1523475,21.03586610000002,2,1,4,1980
420000,53,52.1409369,21.047851100000003,3,4,10,1983
250000,31,52.1755945,21.053243000000066,1,4,11,1976
410000,49,52.1591694,21.023540599999933,2,3,4,1980
510000,64.4,52.1954594,21.013486300000068,3,3,5,1956
295000,54,52.1581412,21.033064400000058,2,3,11,1980
358000,60,52.1850485,21.04831480000007,2,10,10,1982
388000,54,52.1744395,21.030059400000027,2,3,3,1993
520000,56.7,52.2045107,21.034002299999997,2,2,4,2002
197000,28,52.2428275,20.97733459999995,1,2,11,1980
385000,59.5,52.1712407,21.059081300000003,3,2,3,1986
360000,46,52.1697965,21.022258999999963,2,8,10,1976
398000,46.5,52.1697693,21.02761750000002,2,1,3,1985
385000,47,52.2272942,21.058818299999984,2,1,2,
450000,57,52.27705419999999,20.954647799999975,4,3,3,1955
365000,50.74,52.16832059999999,21.0085239,2,2,3,1990
370000,41.4,52.1631012,21.073920899999962,2,1,4,2009
440000,49,52.2404254,20.989967999999976,2,1,7,1955
397000,50,52.207199,21.03069389999996,3,9,10,1980
420000,60,52.1474699,21.052031700000043,3,10,10,1982
330000,56.5,52.2717856,20.95139919999997,3,0,3,1970
395000,57,52.1786936,21.056861400000003,3,10,15,1970
340000,50,52.2005574,21.050563799999964,2,7,10,1970
399000,74,52.1847218,21.050029799999947,4,0,4,1975
358000,60,52.1438644,21.04564030000006,3,4,4,1982
215000,29,52.1924297,20.976914299999976,1,5,10,1980
390000,42,52.2452203,20.961546699999985,2,4,6,2012
189000,30.4,52.29063069999999,21.019885899999963,1,4,10,1975
268000,29.4,52.2257405,21.042048799999975,2,4,15,1973
379000,59,52.14311439999999,21.06225519999998,3,0,4,1980
375000,50,52.1805101,21.01248559999999,3,4,10,1974
335000,42.4,52.1462263,21.045805900000005,2,0,4,1982
650000,78,52.2252168,21.03763600000002,4,9,10,1965
380000,43,52.20077569999999,21.00635520000003,2,3,3,1950
599000,76,52.25183,21.0341684,2,3,5,1924
290000,47,52.2048949,20.974628199999984,3,0,4,1968
335000,45.92,52.1409776,21.065924699999982,2,0,3,1980
375000,53,52.2331406,21.101067400000034,2,4,4,1993
498000,62.3,52.191167,20.968387300000018,3,1,3,2000
199000,26,52.21106480615921,20.97916603088379,1,0,3,1962
445000,48.7,52.2108848,21.011827799999992,3,4,15,1968
340000,46,52.2202091,20.972872499999994,3,6,10,1970
385000,48,52.1941164,21.00873690000003,2,1,4,1958
340000,44,52.1820914,21.028620100000012,3,17,17,1970
429000,63,52.1411753,21.047142399999984,3,2,10,1983
599000,70.7,52.1416178,21.061876900000016,3,4,9,2001
415000,55.29,52.2396548,20.966500600000018,3,2,3,1960
295000,47.5,52.1609572,21.0328485,2,7,7,1979
540000,73,52.1324648,21.074585100000036,3,1,3,1994
460000,58,52.1719622,21.029189599999995,3,5,10,1980
375000,45.1,52.2343529,20.91996789999996,3,3,4,2001
1560000,174,52.2045526,21.009924299999966,5,2,4,1936
415000,55.29,52.2399119,20.979739999999993,3,2,3,1960
320000,36.6,52.1930746,21.067245800000023,1,1,3,2004
395000,47.25,52.1352272,21.050997499999994,2,1,3,2000
460000,58,52.2315802,21.037602500000048,3,3,4,1969
266000,36.5,52.2744346,20.961119300000064,2,6,10,1968
529000,82.6,52.1605184,21.07009519999997,3,2,4,2007
320000,36,52.2487665,21.092322500000023,2,3,4,1963
390000,49,52.13356400000001,21.072330400000055,2,0,9,2005
294700,38,52.2397186,20.985888599999953,2,7,7,1967
410000,44.78,52.2320455,21.016449800000032,2,2,3,1882
319000,50.4,52.2758879,20.919885000000022,2,10,10,1977
385000,55.2,52.1301362,21.077141299999994,2,1,3,2000
315000,38.9,52.2366345,20.995440400000007,2,4,15,1970
349000,45,52.2288419,20.99359789999994,3,1,5,1956
250000,37,52.29359,20.92644999999993,2,3,12,1960
250000,54,52.2151513,20.981900399999972,3,0,3,1950
240000,38,52.2269687,20.935574599999995,2,5,10,1960
799000,105,52.2558553,20.987212099999965,3,1,15,2000
330000,38,52.2012569,21.028235799999948,2,2,10,1972
205000,31,52.2828318,21.025580900000023,1,10,10,1978
457000,63,52.15862730000001,21.023126300000058,3,2,3,1979
350000,37,52.20343039999999,21.01118729999996,2,7,10,1969
195000,27,52.2353528,20.990680699999984,1,15,15,
266000,38,52.1909085,21.013574699999936,2,6,10,1970
315000,43,52.1411592,21.04894509999997,2,3,3,1982
357000,50,52.1744165,21.007805299999973,3,1,10,1980
190000,31,52.2818806,21.026041299999974,1,3,10,1970
235000,35.4,52.2277281,20.908605299999977,2,1,10,1975
344000,38.4,52.23743469999999,20.99208150000004,2,15,16,1970
319000,37.7,52.17401719999999,21.006404799999927,2,7,10,1969
420000,55,52.232797,21.023515999999972,2,3,6,1960
287000,39,52.1744165,21.007805299999973,2,0,10,1980
360000,44,52.156771,21.072973899999965,2,1,4,2013
398000,47,52.2254394,21.03680540000005,3,2,10,1967
555000,61.2,52.2001003,21.008895100000018,3,3,3,1950
347000,52,52.1744949,21.004079100000013,3,7,7,1969
274000,38,52.241515,21.124317700000006,2,1,7,1970
460000,54,52.2302066,21.011194499999988,3,3,5,
348000,48,52.1985375,21.016347999999994,2,0,3,1956
490000,53.49,52.2425544,20.998629100000016,2,2,3,1958
450000,48,52.2515357,20.994177000000036,2,1,4,1956
320000,38,52.2182288,21.04348440000001,2,1,4,1973
340000,38.5,52.2133961,20.978073600000016,2,2,6,1960
580000,70,52.2336971,20.994097900000043,2,2,4,1938
410000,66,52.2395195,20.97657789999994,2,3,3,1938
320000,48,52.2344886,21.109835799999928,3,7,10,1978
340000,40,52.209791,21.068365599999993,2,1,4,2001
340000,42.4,52.1547321,21.04619260000004,2,0,3,
265000,48,52.2500613,21.0775572,2,0,0,
225000,27,52.19974490000001,21.036490400000048,2,3,10,1980
196000,28,52.1700017,21.002505799999994,2,3,10,1982
240000,34,52.243538,21.09428730000002,2,2,7,1963
360000,46,52.2004895,21.03284110000004,2,4,4,1958
185000,24,52.24007710000001,20.94573630000002,1,8,9,1970
359000,57.2,52.2027206,21.050034600000004,3,10,10,1972
321000,46,52.2405021,20.979046299999936,3,2,12,1965
350000,39.5,52.1951183,21.01543689999994,2,0,3,1953
249000,32.16,52.23691549999999,20.976134000000002,2,2,3,1950
369000,46,52.1685706,21.02653380000004,2,2,10,1976
230000,25,52.2394165,20.99324999999999,1,4,5,1957
355000,37.7,52.2318352,21.038021500000013,2,0,4,1965
232000,26.27,52.1943687,21.024986200000058,1,0,3,1950
275300,37,52.19050259999999,21.008708299999967,2,0,3,
860000,71.23,52.2460556,21.0128737,3,2,3,1888
325000,47.4,52.2007185,21.035355900000013,2,2,3,1963
290000,30.5,52.1901322,21.018427100000054,1,1,4,1950
340000,38,52.2108848,21.011827799999992,2,6,15,1970
245000,28.5,52.2108848,21.011827799999992,1,0,15,1967
290000,53,52.171568,21.002885200000037,3,2,4,1972
218000,28,52.2439658,21.099514,1,0,3,1950
230000,26.5,52.2480183,20.982410399999935,1,2,9,1963
360000,38,52.2522635,20.991310500000054,2,1,10,1968
330000,42,52.1812608,21.01331559999994,2,5,10,1972
240000,32,52.23667589999999,20.978146400000014,2,2,4,1950
252000,28,52.2059268,21.02116669999998,1,1,10,1978
357000,50,52.1959902,21.013328,2,1,4,1956
399000,47.6,52.1562858,21.048582200000055,2,3,8,1983
265000,29.8,52.23506279999999,21.060110399999985,1,3,4,1956
255000,28.5,52.2108848,21.011827799999992,1,3,17,1970
327000,38,52.1914105,21.01250559999994,2,1,4,1968
420000,54.32,52.1685041,21.08118330000002,2,1,3,2008
375500,44.1,52.2482951,20.98222540000006,3,4,4,1956
345000,38.5,52.2368953,20.99017379999998,2,1,15,1970
350000,30,52.1984547,21.018706800000018,1,1,3,1950
270000,24.28,52.1898054,21.00695500000006,1,3,3,1960
230000,37.18,52.17182200000001,21.002100700000028,1,2,2,1950
500000,38.16,52.2454453,20.978012300000046,1,8,15,2008
550000,51,52.1276759,21.06723390000002,2,2,4,2004
337000,35,52.2362583,21.033828399999948,2,2,8,1968
580000,71.75,52.1984471,21.046320700000024,3,3,7,2007
517700,59,52.2041391,21.03904680000005,3,1,3,1954
399000,54,52.239357,21.063206300000047,3,3,10,1980
299000,35,52.202379,21.04478640000002,2,1,3,1938
315000,38,52.176444,21.007320299999947,2,4,4,1969
420000,60,52.2591451,21.033884400000034,2,4,4,1950
206000,32,52.2399871,21.106052599999998,1,3,3,1950
233000,29,52.244650716087484,20.951951143797487,1,2,2,1936
430000,64,52.2033061,21.034562199999982,4,10,10,1968
355000,49.8,52.2106941,21.06051500000001,2,2,4,2001
350000,47,52.21034479999999,21.060468000000014,2,3,4,2001
467000,49.2,52.2322728,20.987781199999972,2,10,29,2004
315000,40.25,52.1835608,21.077013299999976,2,3,3,2000
555000,64,52.1954594,21.013486300000068,3,3,5,1950
320000,46.22,52.2265577,20.989555800000062,2,11,11,1972
485000,76,52.2398846,20.92676000000006,3,2,5,2010
380000,43.7,52.1770168,21.017434200000025,2,14,15,1980
1350000,80,52.23512789999999,21.016015599999946,4,2,3,1953
400000,53,52.24590269999999,20.95604609999998,2,1,3,1955
360000,56,52.2302881,20.95942059999993,2,2,4,1936
370000,39,52.2257405,21.042048799999975,2,8,15,1980
367000,55.7,52.273796,20.963720599999988,2,2,4,1968
280000,37,52.1948069,21.0089696,1,1,3,1958
360000,36,52.2375987,21.02645110000003,2,5,8,1970
349000,47,52.1396339,21.05075320000003,2,4,4,1983
338000,46,52.245605,20.982130600000005,2,4,4,1967
390000,53,52.1377404,21.05751710000004,2,3,3,1980
365000,44,52.2435698,20.99906009999995,2,2,3,1950
308000,37,52.2313702,21.0673587,2,4,8,1964
370000,47,52.2178122,21.043970599999966,3,3,4,1972
430000,53.96,52.13219849999999,21.073791099999994,2,3,10,1996
270000,36,52.2495436,21.026829200000066,2,6,11,1970
397700,66.4,52.2249219,21.099495299999944,3,0,8,1983
330000,39.55,52.2341266,20.996219300000007,2,6,15,1970
345000,47,52.14915149999999,21.052563899999996,2,3,10,1982
367000,56,52.2302881,20.95942059999993,2,2,4,1936
299000,51,52.2458385,21.08743430000004,2,10,19,1979
339000,43,52.1810567,21.04649040000004,2,2,4,1976
190000,30,52.28559241729168,21.034526824951172,1,0,10,
260000,40.4,52.3302181,20.938510800000017,2,0,3,1997
495000,66,52.1474699,21.052031700000043,3,5,11,1982
460000,61,52.1586941,21.037870699999985,3,3,4,1982
286200,31,52.2060633,21.019743999999946,1,3,6,1968
350000,51.5,52.1766806,21.02141819999997,2,1,5,1950
725000,138,52.2354519,20.99007030000007,4,6,8,1995
259000,32,52.1741888,21.005769999999984,2,5,7,
380000,43,52.2336861,21.025222600000006,2,1,16,1976
309000,37,52.1762132,21.006567899999936,2,2,10,1978
350000,43.44,52.20354769999999,21.035748099999978,2,2,3,1965
315000,42.4,52.1628015,21.025302399999987,2,0,4,1980
435000,46,52.1759395,21.012391999999977,2,4,7,2012
295000,40,52.2364693,21.08079029999999,2,1,4,1960
465000,77,52.2573051,21.04692030000001,4,9,11,1984
255000,30,52.1969882,21.013536599999952,1,1,5,1959
369000,43,52.1549153,21.024081300000034,2,2,3,1978
295000,31,52.1547254,21.04604119999999,1,5,6,1985
199000,30.25,52.24506909999999,21.107834499999967,1,1,4,2004
370000,47,52.2280366,21.066389500000014,3,6,10,1978
755000,100,52.1635044,21.07437159999995,3,2,3,2008
870000,91,52.1583155,21.080830200000037,3,4,4,2007
740000,82,52.1588793,21.07887500000004,3,3,4,2006
360000,51,52.2568442,20.926840399999946,2,10,10,1986
365000,42,52.2435863,20.924338900000066,2,3,6,2010
299000,42.1,52.2385016,20.977920700000027,2,3,5,1951
350000,46.58,52.1708745,21.06089989999998,2,2,3,1980
334999,47,52.2106258,21.06103239999993,2,4,4,2002
309000,37,52.1984547,21.018706800000018,1,3,3,1965
270000,37,52.2495436,21.026829200000066,2,7,11,1970
199000,30.25,52.24506909999999,21.107834499999967,1,1,4,2004
239000,25,52.1928626,21.006652199999962,1,1,3,1956
247000,37.14,52.2387727,20.93878570000004,2,9,10,1973
310000,34.28,52.2499252,20.99665779999998,1,2,4,1957
305000,28,52.2356604,21.005271300000004,1,3,15,1968
449000,64,52.1409776,21.065924699999982,3,1,3,1982
290000,31,52.1290233,21.07819870000003,1,0,5,2004
350000,43,52.2583091,20.93270510000002,2,4,5,2003
520000,61,52.1391296,21.05870219999997,2,9,15,2001
255000,37,52.1706826,21.003107499999942,2,2,3,1965
325000,44.1,52.18238909999999,21.01512230000003,2,6,15,1970
330000,37,52.2599094,20.99595929999998,2,3,10,1967
299000,41.6,52.2021223,21.03414859999998,2,2,10,
315000,50.3,52.235283,20.912172800000008,2,8,8,1979
400000,57.89,52.241946,21.087205100000006,2,3,4,2002
360000,51,52.16947889999999,21.006335499999977,2,5,7,1991
580000,70,52.132662,21.06508020000001,3,2,6,2011
299000,37.8,52.1896065,21.015905100000055,2,9,10,1969
372000,67,52.157211,21.04098190000002,3,4,4,1980
208000,29,52.2609767,21.03111690000003,1,5,6,1953
239000,41,52.2858055,21.029671000000008,2,6,10,1975
234000,38,52.3364901,20.941094399999997,1,3,7,2003
275000,45,52.3460408,20.939412400000037,2,3,7,2003
305000,36.3,52.1924011,21.026271500000007,2,5,12,1969
295000,28.5,52.232117,21.086249400000042,2,3,5,2012
595000,84.6,52.14134809999999,21.054065400000013,4,2,3,1982
335000,29,52.2299285,21.035988299999985,2,1,3,1933
998000,81.3,52.2073165,21.002484900000013,3,0,5,2008
530000,34,52.2451904,21.013677400000006,2,3,4,
800000,85,52.2452689,21.013639399999988,3,3,4,1946
349000,47,52.2676107,20.977744400000006,2,3,3,1949
415000,63,52.1574232,21.05101590000004,3,4,4,1980
1740000,99,52.2522957,21.002999700000032,3,2,4,2009
450000,64,52.1379777,21.053529499999968,3,2,3,1983
760000,102,52.2111929,21.046680299999935,3,4,5,2002
699000,76.67,52.1984471,21.046320700000024,3,5,7,2007
515000,50,52.2248341,21.066769300000033,2,3,13,2012
325000,45.54,52.241946,21.087205100000006,2,2,4,2002
388000,53,52.2216955,20.935748200000035,3,8,9,2013
465000,63,52.15345199999999,21.027269199999978,3,3,7,1979
390000,50,52.2025118,21.042841599999974,2,2,3,1955
240000,34,52.2387778,20.978944599999977,2,6,11,1968
293000,57,52.3192539,21.07415949999995,3,2,3,2013
632000,68,52.2225477,21.06899939999994,3,5,5,2001
350000,33,52.25272529999999,21.009316099999978,1,1,2,1950
340000,37.5,52.2460802,20.99692909999999,2,0,4,1960
343000,47,52.1989868,20.973412999999937,2,5,10,1972
229000,29,52.1910287,20.98971370000004,1,10,11,1968
350000,46,52.2171914,21.044770299999982,3,2,4,1976
558000,77.59,52.17474559999999,21.042035700000042,3,8,8,1990
292000,38,52.202076,21.03724060000002,1,3,4,1950
1300000,178,52.1752313,21.0293729,5,0,4,1994
399000,52,52.2005898,21.009318699999994,3,0,2,1949
278000,27,52.2094882,21.020082900000034,1,2,4,1933
255000,30,52.2063219,21.04084480000006,1,1,7,1970
285000,37.5,52.1898668,21.011215499999935,2,1,3,1950
370000,48,52.2378581,21.09958729999994,2,2,3,2003
265000,31,52.1478188,21.050281900000073,1,7,9,1981
260000,37.5,52.194157,21.034695499999998,2,5,10,1968
285000,37,52.2301507,21.062549499999932,2,2,3,1965
248000,31,52.15388540000001,21.04841669999996,1,10,11,1982
355000,53,52.1834269,21.050577699999963,3,1,4,1973
730000,62,52.1876553,21.017726100000004,2,4,4,1938
415000,49.75,52.22953589999999,21.016128999999978,2,2,4,1960
215000,28,52.230002,20.992694700000015,2,8,11,1966
379000,54,52.1606065,21.07752370000003,2,3,4,2008
457000,57.2,52.1697215,21.02924489999998,3,5,12,
325000,40,52.2219159,20.984521500000028,2,0,4,1923
455000,61.63,52.14547659999999,21.06136200000003,3,11,12,1981
520000,60,52.1978886,21.00521219999996,3,0,3,1950
285000,41.4,52.21034479999999,21.060468000000014,1,3,4,2001
310000,48,52.1938597,20.965877699999965,3,4,4,1965
469000,56,52.218765,20.979703900000004,2,1,3,1955
454000,53,52.1533299,21.03675999999996,2,3,4,1998
480000,67,52.1917147,20.912959799999953,3,2,8,2002
275000,37,52.2597805,20.9973655,2,1,10,1979
265350,31,52.2039799,21.02150819999997,2,1,3,1932
378000,39,52.2495426,20.984053500000073,2,3,3,1950
389000,50,52.2529552,20.997201200000063,2,5,7,1950
325000,45,52.17581509999999,21.003835200000026,2,4,7,1964
595000,83,52.1693541,21.075612099999944,4,2,2,1980
365000,47,52.21717049999999,21.017634799999996,2,8,11,1970
235000,21.19,52.254756,21.00596810000002,1,3,3,1950
265000,34,52.2402762,21.092372599999976,2,4,4,1970
339000,42,52.2513573,21.000223600000027,2,5,9,1960
355000,48,52.1455935,21.042249999999967,2,6,12,1985
300000,45,52.24117409999999,20.98981900000001,2,1,3,1950
330000,47.7,52.14768919999999,21.039884400000005,2,7,8,1980
312000,39.6,52.2540783,20.986665500000072,1,1,11,1977
530000,54,52.2249865,21.012097700000027,3,0,5,1906
590000,66,52.2188381,20.99338130000001,2,1,4,1928
695000,60,52.2267461,21.022257200000013,2,2,4,1902
470000,68.8,52.156375,21.026038299999982,3,7,10,1980
385000,53,52.1600549,21.026035800000045,3,4,4,1980
528000,69,52.1309063,21.05712189999997,3,3,7,1998
435000,62,52.16176549999999,21.03025589999993,3,7,7,1980
439000,63,52.14002139999999,21.066806300000053,3,2,3,1985
255000,36,52.19286899999999,21.007504400000016,2,7,10,1948
480000,54,52.1459972,21.064500899999985,2,2,3,2001
339000,38.4,52.2529271,21.005438899999945,2,3,3,
400000,63,52.165491,21.028650500000026,3,2,10,1980
245000,34,52.1923861,20.89998319999995,1,4,7,2002
495000,54,52.133838,21.054707699999994,2,1,4,2001
425000,63.5,52.1730733,21.071630899999946,3,0,8,1978
1050000,98,52.1969578,21.021985099999938,3,2,4,1935
660000,96,52.1510732,21.030600700000036,4,1,3,
360000,46.2,52.2079434,21.038515899999993,3,4,10,1970
616000,82,52.1605184,21.07009519999997,3,1,4,2008
300000,38,52.2122025,21.01564469999994,2,0,10,
449000,69,52.1384017,21.057759000000033,3,3,10,1987
950000,115,52.2279546,21.05620870000007,3,0,1,1990
329900,58,52.260703,21.16324469999995,2,3,3,1998
465000,72,52.1567333,21.04096359999994,4,1,4,1983
205000,27.1,52.1854986,21.06083060000003,1,7,10,1978
445000,61,52.20212129999999,21.0355419,3,2,4,1955
360000,63,52.1607989,21.03863649999994,3,4,8,1980
599000,90.1,52.1777199,21.065757500000018,4,0,4,1989
375000,47,52.1716305,21.031807200000003,2,4,4,1980
340000,38,52.1951098,21.006448500000033,2,1,4,1958
567000,65,52.1744033,21.027618399999938,3,4,8,1992
469000,84,52.1641439,21.029828400000042,4,0,4,1978
377000,57.2,52.1697215,21.02924489999998,3,4,12,
680000,108.2,52.1702883,21.07245420000004,4,0,2,1985
719000,96,52.2003054,20.954966900000045,3,2,3,2000
850000,107,52.1675013,21.013132499999983,4,4,7,2001
520000,75.5,52.1707438,21.027890999999954,3,9,10,1977
560000,81.8,52.2078062,21.02012769999999,3,0,6,1957
292000,38,52.202076,21.03724060000002,1,3,4,1950
893661,92.13,52.2180496,21.01653120000003,3,1,4,1933
585000,78,52.1952088,20.968513799999982,3,5,12,1997
356000,51,52.2185114,21.02141849999998,2,3,6,1956
1098000,114.7,52.255917,20.98700329999997,4,5,7,2000
685000,72.2,52.1902147,21.054406800000038,3,2,6,2001
310000,51,52.1815667,21.051869500000066,2,9,10,
180000,29,52.2966945,21.04635350000001,1,8,10,1976
460000,60.4,52.2291629,21.06195779999996,4,0,3,1968
325000,51,52.1815667,21.051869500000066,2,9,10,1974
840000,97,52.1601231,21.079183300000068,4,3,4,2006
560000,47.5,52.2366276,21.013062399999967,2,2,6,1957
551024,55.13,52.2223167,21.009048399999983,3,1,6,1950
640000,97,52.1550085,21.059885399999985,3,1,1,2001
940000,105,52.1732271,21.050462899999957,3,0,4,2001
359000,55,52.2837251,20.930117399999972,3,3,10,1980
620000,60,52.225707,21.013607699999966,2,4,8,1952
425000,63,52.1614969,21.030417199999988,3,7,7,1980
290000,35.2,52.2004561,20.96901909999997,1,4,11,2001
380000,55.7,52.1922589,21.004393299999947,3,2,3,1959
329000,38.32,52.1991421,21.01374390000001,1,1,4,1960
410000,43,52.228215,20.995634699999982,2,4,5,1911
450000,58,52.20697759999999,21.008588499999973,2,3,4,1938
210000,31,52.1783532,21.01488829999994,1,8,14,1975
340000,44,52.1788931,21.01957429999993,2,14,15,1980
370000,53,52.1946733,21.014877299999966,3,1,3,1950
360000,48,52.2359756,20.999071100000037,3,7,15,1970
355000,48.2,52.2078283,21.045918099999994,2,0,4,1968
474000,71.9,52.1578646,21.035183800000027,4,4,4,1977
270000,33,52.1600846,21.03900939999994,2,4,8,
449000,50,52.2075986,21.04688169999997,3,1,3,1958
425000,72.14,52.140181,21.045789300000024,4,9,9,1988
1200000,108,52.2190322,20.988979200000017,5,2,3,1930
485000,76.8,52.17621579999999,21.064351999999985,3,0,4,1994
220000,20,52.1979951,21.011940900000013,1,0,4,1960
735000,98,52.13785439999999,21.029122899999948,4,5,13,2012
1040000,116.27,52.161505,21.080146499999955,3,3,3,2010
2500,69,52.2312869,21.015742300000056,2,3,4,
239000,36,52.1690146,21.001792300000034,2,2,4,1965
209000,25.71,52.1799281,21.01086179999993,1,10,10,1974
2500,74,52.2683748,20.94365210000001,3,5,7,2006
440000,74,52.1525767,21.025426700000025,4,1,4,
360000,35,52.23005000000001,21.014000099999976,1,6,6,1930
375000,45,52.218198,20.9731405,2,4,4,1956
1410000,78.5,52.240615,21.025487500000054,4,2,6,2011
290000,36,52.23873857954203,20.96205139081576,1,2,4,1970
399000,56.8,52.1834543,21.01592210000001,3,8,10,1979
320000,47.2,52.1510294,21.050895800000035,2,2,12,1980
395000,40,52.2331173,20.991205300000047,1,7,7,1999
450000,83.8,52.15764859999999,21.041769799999997,4,3,4,1981
1390000,110,52.21454749999999,21.019728600000008,4,1,3,2006
699000,97,52.21906509999999,20.986454200000026,5,4,4,1929
799000,101,52.2050746,20.94677630000001,4,1,3,1999
430000,81,52.2394137,20.910036600000012,3,4,4,1998
235000,31,52.1749973,21.019792000000052,1,6,10,1970
553000,61.5,52.2328962,21.01793889999999,4,7,9,1968
365000,47,52.236425,20.99336029999995,2,8,15,1970
355000,45,52.20641879999999,20.969655099999954,2,1,4,1968
564000,55,52.2453608,20.96349239999995,2,8,9,2007